英文名,中文名,字体名(.ttf/.otf),购买地址,样张
CFangSong HK Light,仿宋,CFangSongHK-Light,,http://www.monotype.com.hk/image/Font_HK_Samples/CFangSongHK-Light_Sample.png
CFangSong HKS Light,简仿宋,CFangSongHKS-Light,,http://www.monotype.com.hk/image/Font_HKS_Samples/CFangSongHKS-Light_Sample.png
CFangSong PRC Light,简仿宋,CFangSongPRC-Light,,http://www.monotype.com.hk/image/Font_PRC_Samples/CFangSongPRC-Light_Sample.png
CFangSong PRCT Light,仿宋,CFangSongPRCT-Light,,http://www.monotype.com.hk/image/Font_PRCT_Samples/CFangSongPRCT-Light_Sample.png
CGuLi HK Bold,古隸,CGuLiHK-Bold,,http://www.monotype.com.hk/image/Font_HK_Samples/CGuLiHK-Bold_Sample.png
CGuLi HKS Bold,简古隶,CGuLiHKS-Bold,,http://www.monotype.com.hk/image/Font_HKS_Samples/CGuLiHKS-Bold_Sample.png
CGuLi PRC Bold,简古隶,CGuLiPRC-Bold,,http://www.monotype.com.hk/image/Font_PRC_Samples/CGuLiPRC-Bold_Sample.png
CGuLi PRCT Bold,古隸,CGuLiPRCT-Bold,,http://www.monotype.com.hk/image/Font_PRCT_Samples/CGuLiPRCT-Bold_Sample.png
CGuYin HK Bold,古印體,CGuYinHK-Bold,,http://www.monotype.com.hk/image/Font_HK_Samples/CGuYinHK-Bold_Sample.png
CGuYin HKS Bold,简古印体,CGuYinHKS-Bold,,http://www.monotype.com.hk/image/Font_HKS_Samples/CGuYinHKS-Bold_Sample.png
CGuYin PRC Bold,简古印体,CGuYinPRC-Bold,,http://www.monotype.com.hk/image/Font_PRC_Samples/CGuYinPRC-Bold_Sample.png
CGuYin PRCT Bold,古印體,CGuYinPRCT-Bold,,http://www.monotype.com.hk/image/Font_PRCT_Samples/CGuYinPRCT-Bold_Sample.png
CHei HK UltraBold,超黑體,CHeiHK-UltraBold,,http://www.monotype.com.hk/image/Font_HK_Samples/CHeiHK-UltraBold_Sample.png
CHei HKS UltraBold,简超黑体,CHeiHKS-UltraBold,,http://www.monotype.com.hk/image/Font_HKS_Samples/CHeiHKS-UltraBold_Sample.png
CHei PRC UltraBold,简超黑体,CHeiPRC-UltraBold,,http://www.monotype.com.hk/image/Font_PRC_Samples/CHeiPRC-UltraBold_Sample.png
CHei PRCT UltraBold,超黑體,CHeiPRCT-UltraBold,,http://www.monotype.com.hk/image/Font_PRCT_Samples/CHeiPRCT-UltraBold_Sample.png
CHei2 HK Bold,正黑,CHei2HK-Bold,,http://www.monotype.com.hk/image/Font_HK_Samples/CHei2HK-Bold_Sample.png
CHei2 HK Xbold,大黑,CHei2HK-Xbold,,http://www.monotype.com.hk/image/Font_HK_Samples/CHei2HK-Xbold_Sample.png
CHei2 HKS Bold,简正黑,CHei2HKS-Bold,,http://www.monotype.com.hk/image/Font_HKS_Samples/CHei2HKS-Bold_Sample.png
CHei2 HKS Xbold,简大黑,CHei2HKS-Xbold,,http://www.monotype.com.hk/image/Font_HKS_Samples/CHei2HKS-Xbold_Sample.png
CHei2 PRC Bold,简正黑,CHei2PRC-Bold,,http://www.monotype.com.hk/image/Font_PRC_Samples/CHei2PRC-Bold_Sample.png
CHei2 PRC Xbold,简大黑,CHei2PRC-Xbold,,http://www.monotype.com.hk/image/Font_PRC_Samples/CHei2PRC-Xbold_Sample.png
CHei2 PRCT Bold,正黑,CHei2PRCT-Bold,,http://www.monotype.com.hk/image/Font_PRCT_Samples/CHei2PRCT-Bold_Sample.png
CHei2 PRCT Xbold,大黑,CHei2PRCT-Xbold,,http://www.monotype.com.hk/image/Font_PRCT_Samples/CHei2PRCT-Xbold_Sample.png
CHei3 HK Bold,板黑,CHei3HK-Bold,,http://www.monotype.com.hk/image/Font_HK_Samples/CHei3HK-Bold_Sample.png
CHei3 HKS Bold,简板黑,CHei3HKS-Bold,,http://www.monotype.com.hk/image/Font_HKS_Samples/CHei3HKS-Bold_Sample.png
CHei3 PRC Bold,简板黑,CHei3PRC-Bold,,http://www.monotype.com.hk/image/Font_PRC_Samples/CHei3PRC-Bold_Sample.png
CHei3 PRCT Bold,板黑,CHei3PRCT-Bold,,http://www.monotype.com.hk/image/Font_PRCT_Samples/CHei3PRCT-Bold_Sample.png
CJNgai HK Bold,綜藝體,CJNgaiHK-Bold,,http://www.monotype.com.hk/image/Font_HK_Samples/CJNgaiHK-Bold_Sample.png
CJNgai HKS Bold,简综艺体,CJNgaiHKS-Bold,,http://www.monotype.com.hk/image/Font_HKS_Samples/CJNgaiHKS-Bold_Sample.png
CJNgai PRC Bold,简综艺体,CJNgaiPRC-Bold,,http://www.monotype.com.hk/image/Font_PRC_Samples/CJNgaiPRC-Bold_Sample.png
CJNgai PRCT Bold,綜藝體,CJNgaiPRCT-Bold,,http://www.monotype.com.hk/image/Font_PRCT_Samples/CJNgaiPRCT-Bold_Sample.png
CKan HK Xbold,勘亭流,CKanHK-Xbold,,http://www.monotype.com.hk/image/Font_HK_Samples/CKanHK-Xbold_Sample.png
CKan HKS Xbold,简勘亭流,CKanHKS-Xbold,,http://www.monotype.com.hk/image/Font_HKS_Samples/CKanHKS-Xbold_Sample.png
CKan PRC Xbold,简勘亭流,CKanPRC-Xbold,,http://www.monotype.com.hk/image/Font_PRC_Samples/CKanPRC-Xbold_Sample.png
CKan PRCT Xbold,勘亭流,CKanPRCT-Xbold,,http://www.monotype.com.hk/image/Font_PRCT_Samples/CKanPRCT-Xbold_Sample.png
CNganKai HK Bold,顏楷,CNganKaiHK-Bold,,http://www.monotype.com.hk/image/Font_HK_Samples/CNganKaiHK-Bold_Sample.png
CNganKai HKS Bold,简颜楷,CNganKaiHKS-Bold,,http://www.monotype.com.hk/image/Font_HKS_Samples/CNganKaiHKS-Bold_Sample.png
CNganKai PRC Bold,简颜楷,CNganKaiPRC-Bold,,http://www.monotype.com.hk/image/Font_PRC_Samples/CNganKaiPRC-Bold_Sample.png
CNganKai PRCT Bold,顏楷,CNganKaiPRCT-Bold,,http://www.monotype.com.hk/image/Font_PRCT_Samples/CNganKaiPRCT-Bold_Sample.png
CO2Yuen HK XboldOutline,彩雲體,CO2YuenHK-XboldOutline,,http://www.monotype.com.hk/image/Font_HK_Samples/CO2YuenHK-XboldOutline_Sample.png
CO2Yuen HKS XboldOutline,简彩云体,CO2YuenHKS-XboldOutline,,http://www.monotype.com.hk/image/Font_HKS_Samples/CO2YuenHKS-XboldOutline_Sample.png
CO2Yuen PRC XboldOutline,简彩云体,CO2YuenPRC-XboldOutline,,http://www.monotype.com.hk/image/Font_PRC_Samples/CO2YuenPRC-XboldOutline_Sample.png
CO2Yuen PRCT XboldOutline,彩雲體,CO2YuenPRCT-XboldOutline,,http://www.monotype.com.hk/image/Font_PRCT_Samples/CO2YuenPRCT-XboldOutline_Sample.png
COHei PRC UltraBold,简彩蝶黑,COHeiPRC-UltraBold,,http://www.monotype.com.hk/image/Font_PRC_Samples/COHeiPRC-UltraBold_Sample.png
COYuen HK Xbold,彩蝶圓,COYuenHK-Xbold,,http://www.monotype.com.hk/image/Font_HK_Samples/COYuenHK-Xbold_Sample.png
COYuen HK XboldOutline,彩蝶通圓,COYuenHK-XboldOutline,,http://www.monotype.com.hk/image/Font_HK_Samples/COYuenHK-XboldOutline_Sample.png
COYuen HKS Xbold,简彩蝶圆,COYuenHKS-Xbold,,http://www.monotype.com.hk/image/Font_HKS_Samples/COYuenHKS-Xbold_Sample.png
COYuen HKS XboldOutline,简彩蝶通圆,COYuenHKS-XboldOutline,,http://www.monotype.com.hk/image/Font_HKS_Samples/COYuenHKS-XboldOutline_Sample.png
COYuen PRC Xbold,简彩蝶圆,COYuenPRC-Xbold,,http://www.monotype.com.hk/image/Font_PRC_Samples/COYuenPRC-Xbold_Sample.png
COYuen PRC XboldOutline,简彩蝶通圆,COYuenPRC-XboldOutline,,http://www.monotype.com.hk/image/Font_PRC_Samples/COYuenPRC-XboldOutline_Sample.png
COYuen PRCT Xbold,彩蝶圓,COYuenPRCT-Xbold,,http://www.monotype.com.hk/image/Font_PRCT_Samples/COYuenPRCT-Xbold_Sample.png
COYuen PRCT XboldOutline,彩蝶通圓,COYuenPRCT-XboldOutline,,http://www.monotype.com.hk/image/Font_PRCT_Samples/COYuenPRCT-XboldOutline_Sample.png
CPo HK Bold,海報體,CPoHK-Bold,,http://www.monotype.com.hk/image/Font_HK_Samples/CPoHK-Bold_Sample.png
CPo HKS Bold,简海报体,CPoHKS-Bold,,http://www.monotype.com.hk/image/Font_HKS_Samples/CPoHKS-Bold_Sample.png
CPo PRC Bold,简海报体,CPoPRC-Bold,,http://www.monotype.com.hk/image/Font_PRC_Samples/CPoPRC-Bold_Sample.png
CPo PRCT Bold,海報體,CPoPRCT-Bold,,http://www.monotype.com.hk/image/Font_PRCT_Samples/CPoPRCT-Bold_Sample.png
CPo3 HK Bold,廣告體,CPo3HK-Bold,,http://www.monotype.com.hk/image/Font_HK_Samples/CPo3HK-Bold_Sample.png
CPo3 HKS Bold,简广告体,CPo3HKS-Bold,,http://www.monotype.com.hk/image/Font_HKS_Samples/CPo3HKS-Bold_Sample.png
CPo3 PRC Bold,简广告体,CPo3PRC-Bold,,http://www.monotype.com.hk/image/Font_PRC_Samples/CPo3PRC-Bold_Sample.png
CPo3 PRCT Bold,廣告體,CPo3PRCT-Bold,,http://www.monotype.com.hk/image/Font_PRCT_Samples/CPo3PRCT-Bold_Sample.png
CSong3 HK Medium,長宋,CSong3HK-Medium,,http://www.monotype.com.hk/image/Font_HK_Samples/CSong3HK-Medium_Sample.png
CSong3 HKS Medium,简长宋,CSong3HKS-Medium,,http://www.monotype.com.hk/image/Font_HKS_Samples/CSong3HKS-Medium_Sample.png
CSong3 PRC Medium,简长宋,CSong3PRC-Medium,,http://www.monotype.com.hk/image/Font_PRC_Samples/CSong3PRC-Medium_Sample.png
CSong3 PRCT Medium,長宋,CSong3PRCT-Medium,,http://www.monotype.com.hk/image/Font_PRCT_Samples/CSong3PRCT-Medium_Sample.png
CSu HK Medium,舒同,CSuHK-Medium,,http://www.monotype.com.hk/image/Font_HK_Samples/CSuHK-Medium_Sample.png
CSu HKS Medium,简舒同,CSuHKS-Medium,,http://www.monotype.com.hk/image/Font_HKS_Samples/CSuHKS-Medium_Sample.png
CSu PRC Medium,简舒同,CSuPRC-Medium,,http://www.monotype.com.hk/image/Font_PRC_Samples/CSuPRC-Medium_Sample.png
CSu PRCT Medium,舒同,CSuPRCT-Medium,,http://www.monotype.com.hk/image/Font_PRCT_Samples/CSuPRCT-Medium_Sample.png
CWeiBei HKS Bold,简魏碑,CWeiBeiHKS-Bold,,http://www.monotype.com.hk/image/Font_HKS_Samples/CWeiBeiHKS-Bold_Sample.png
CWeiBei PRC Bold,简魏碑,CWeiBeiPRC-Bold,,http://www.monotype.com.hk/image/Font_PRC_Samples/CWeiBeiPRC-Bold_Sample.png
CXing HK Medium,行書,CXingHK-Medium,,http://www.monotype.com.hk/image/Font_HK_Samples/CXingHK-Medium_Sample.png
CXing HKS Medium,简行书,CXingHKS-Medium,,http://www.monotype.com.hk/image/Font_HKS_Samples/CXingHKS-Medium_Sample.png
CXing PRC Medium,简行书,CXingPRC-Medium,,http://www.monotype.com.hk/image/Font_PRC_Samples/CXingPRC-Medium_Sample.png
CXing PRCT Medium,行書,CXingPRCT-Medium,,http://www.monotype.com.hk/image/Font_PRCT_Samples/CXingPRCT-Medium_Sample.png
CXingKai HK Bold,行楷,CXingKaiHK-Bold,,http://www.monotype.com.hk/image/Font_HK_Samples/CXingKaiHK-Bold_Sample.png
CXingKai HKS Bold,简行楷,CXingKaiHKS-Bold,,http://www.monotype.com.hk/image/Font_HKS_Samples/CXingKaiHKS-Bold_Sample.png
CXingKai PRC Bold,简行楷,CXingKaiPRC-Bold,,http://www.monotype.com.hk/image/Font_PRC_Samples/CXingKaiPRC-Bold_Sample.png
CXingKai PRCT Bold,行楷,CXingKaiPRCT-Bold,,http://www.monotype.com.hk/image/Font_PRCT_Samples/CXingKaiPRCT-Bold_Sample.png
CXLi HK Medium,小隸,CXLiHK-Medium,,http://www.monotype.com.hk/image/Font_HK_Samples/CXLiHK-Medium_Sample.png
CXLi HKS Medium,简小隶,CXLiHKS-Medium,,http://www.monotype.com.hk/image/Font_HKS_Samples/CXLiHKS-Medium_Sample.png
CXLi PRC Medium,简小隶,CXLiPRC-Medium,,http://www.monotype.com.hk/image/Font_PRC_Samples/CXLiPRC-Medium_Sample.png
CXLi PRCT Medium,小隸,CXLiPRCT-Medium,,http://www.monotype.com.hk/image/Font_PRCT_Samples/CXLiPRCT-Medium_Sample.png
CXYao HKS Medium,简小姚,CXYaoHKS-Medium,,http://www.monotype.com.hk/image/Font_HKS_Samples/CXYaoHKS-Medium_Sample.png
CXYao PRC Medium,简小姚,CXYaoPRC-Medium,,http://www.monotype.com.hk/image/Font_PRC_Samples/CXYaoPRC-Medium_Sample.png
CYuen HK SemiMedium,幼圓黑,CYuenHK-SemiMedium,,http://www.monotype.com.hk/image/Font_HK_Samples/CYuenHK-SemiMedium_Sample.png
CYuen PRCT SemiMedium,幼圓黑,CYuenPRCT-SemiMedium,,http://www.monotype.com.hk/image/Font_PRCT_Samples/CYuenPRCT-SemiMedium_Sample.png
CYuen2 HKS Light,简细圆二,CYuen2HKS-Light,,http://www.monotype.com.hk/image/Font_HKS_Samples/CYuen2HKS-Light_Sample.png
CYuen2 HKS SemiBold,简圆黑二,CYuen2HKS-SemiBold,,http://www.monotype.com.hk/image/Font_HKS_Samples/CYuen2HKS-SemiBold_Sample.png
CYuen2 HKS Xbold,简粗圆二,CYuen2HKS-Xbold,,http://www.monotype.com.hk/image/Font_HKS_Samples/CYuen2HKS-Xbold_Sample.png
CYuen2 PRC Light,简细圆二,CYuen2PRC-Light,,http://www.monotype.com.hk/image/Font_PRC_Samples/CYuen2PRC-Light_Sample.png
CYuen2 PRC SemiBold,简圆黑二,CYuen2PRC-SemiBold,,http://www.monotype.com.hk/image/Font_PRC_Samples/CYuen2PRC-SemiBold_Sample.png
CYuen2 PRC Xbold,简粗圆二,CYuen2PRC-Xbold,,http://www.monotype.com.hk/image/Font_PRC_Samples/CYuen2PRC-Xbold_Sample.png
CYuen2 PRCT Xbold,粗圓二,CYuen2PRCT-Xbold,,http://www.monotype.com.hk/image/Font_PRCT_Samples/CYuen2PRCT-Xbold_Sample.png
M Banquet P HK Medium,囍宴體P,MBanquetPHK-Medium,https://www.fonts.com/font/monotype-hk/m-banquet-p-hk/medium,http://www.monotype.com.hk/image/Font_HK_Samples/MBanquetPHK-Medium_Sample.png
M Banquet P HKS Medium,简囍宴体P,MBanquetPHKS-Medium,https://www.fonts.com/font/monotype-hk/m-banquet-p-hks/medium,http://www.monotype.com.hk/image/Font_HKS_Samples/MBanquetPHKS-Medium_Sample.png
M Banquet P PRC Medium,简囍宴体P,MBanquetPPRC-Medium,https://www.fonts.com/font/monotype-hk/m-banquet-p-prc/medium,http://www.monotype.com.hk/image/Font_PRC_Samples/MBanquetPPRC-Medium_Sample.png
M Banquet P PRCT Medium,囍宴體P,MBanquetPPRCT-Medium,,http://www.monotype.com.hk/image/Font_PRCT_Samples/MBanquetPPRCT-Medium_Sample.png
M Bei HK Bold,魏碑,MBeiHK-Bold,https://www.fonts.com/font/monotype-hk/m-bei-hk/bold,http://www.monotype.com.hk/image/Font_HK_Samples/MBeiHK-Bold_Sample.png
M Bei PRCT Bold,魏碑,MBeiPRCT-Bold,,http://www.monotype.com.hk/image/Font_PRCT_Samples/MBeiPRCT-Bold_Sample.png
M Bitmap Round HK Light,圓點陣,MBitmapRoundHK-Light,https://www.fonts.com/font/monotype-hk/m-bitmap-round-hk/light,http://www.monotype.com.hk/image/Font_HK_Samples/MBitmapRoundHK-Light_Sample.png
M Bitmap Round PRCT Light,圓點陣,MBitmapRoundPRCT-Light,,http://www.monotype.com.hk/image/Font_PRCT_Samples/MBitmapRoundPRCT-Light_Sample.png
M Bitmap Square HK Light,方點陣,MBitmapSquareHK-Light,https://www.fonts.com/font/monotype-hk/m-bitmap-square-hk/light,http://www.monotype.com.hk/image/Font_HK_Samples/MBitmapSquareHK-Light_Sample.png
M Bitmap Square PRCT Light,方點陣,MBitmapSquarePRCT-Light,,http://www.monotype.com.hk/image/Font_PRCT_Samples/MBitmapSquarePRCT-Light_Sample.png
M Circus HK Medium,中雅蔓,MCircusHK-Medium,https://www.fonts.com/font/monotype-hk/m-circus-hk/medium,http://www.monotype.com.hk/image/Font_HK_Samples/MCircusHK-Medium_Sample.png
M Circus HKS Medium,简中雅蔓,MCircusHKS-Medium,https://www.fonts.com/font/monotype-hk/m-circus-hks/medium,http://www.monotype.com.hk/image/Font_HKS_Samples/MCircusHKS-Medium_Sample.png
M Circus PRC Medium,简中雅蔓,MCircusPRC-Medium,https://www.fonts.com/font/monotype-hk/m-circus-prc/medium,http://www.monotype.com.hk/image/Font_PRC_Samples/MCircusPRC-Medium_Sample.png
M Circus PRCT Medium,中雅蔓,MCircusPRCT-Medium,,http://www.monotype.com.hk/image/Font_PRCT_Samples/MCircusPRCT-Medium_Sample.png
M Comic HK Medium,漫畫體,MComicHK-Medium,https://www.fonts.com/font/monotype-hk/m-comic-hk/medium,http://www.monotype.com.hk/image/Font_HK_Samples/MComicHK-Medium_Sample.png
M Comic HKS Medium,简漫画体,MComicHKS-Medium,https://www.fonts.com/font/monotype-hk/m-comic-hks/medium,http://www.monotype.com.hk/image/Font_HKS_Samples/MComicHKS-Medium_Sample.png
M Comic PRC Medium,简漫画体,MComicPRC-Medium,https://www.fonts.com/font/monotype-hk/m-comic-prc/medium,http://www.monotype.com.hk/image/Font_PRC_Samples/MComicPRC-Medium_Sample.png
M Comic PRCT Medium,漫畫體,MComicPRCT-Medium,,http://www.monotype.com.hk/image/Font_PRCT_Samples/MComicPRCT-Medium_Sample.png
M Computer HK Bold,電腦體,MComputerHK-Bold,https://www.fonts.com/font/monotype-hk/m-computer-hk/bold,http://www.monotype.com.hk/image/Font_HK_Samples/MComputerHK-Bold_Sample.png
M Computer HKS Bold,简电脑体,MComputerHKS-Bold,https://www.fonts.com/font/monotype-hk/m-computer-hks/bold,http://www.monotype.com.hk/image/Font_HKS_Samples/MComputerHKS-Bold_Sample.png
M Computer PRC Bold,简电脑体,MComputerPRC-Bold,https://www.fonts.com/font/monotype-hk/m-computer-prc/bold,http://www.monotype.com.hk/image/Font_PRC_Samples/MComputerPRC-Bold_Sample.png
M Computer PRCT Bold,電腦體,MComputerPRCT-Bold,,http://www.monotype.com.hk/image/Font_PRCT_Samples/MComputerPRCT-Bold_Sample.png
M Curvy HK Medium,矯龍體,MCurvyHK-Medium,https://www.fonts.com/font/monotype-hk/m-curvy-hk/medium,http://www.monotype.com.hk/image/Font_HK_Samples/MCurvyHK-Medium_Sample.png
M Curvy HKS Medium,简矫龙体,MCurvyHKS-Medium,https://www.fonts.com/font/monotype-hk/m-curvy-hks/medium,http://www.monotype.com.hk/image/Font_HKS_Samples/MCurvyHKS-Medium_Sample.png
M Curvy PRC Medium,简矫龙体,MCurvyPRC-Medium,https://www.fonts.com/font/monotype-hk/m-curvy-prc/medium,http://www.monotype.com.hk/image/Font_PRC_Samples/MCurvyPRC-Medium_Sample.png
M Curvy PRCT Medium,矯龍體,MCurvyPRCT-Medium,,http://www.monotype.com.hk/image/Font_PRCT_Samples/MCurvyPRCT-Medium_Sample.png
M Cute HK Light,童稚體,MCuteHK-Light,https://www.fonts.com/font/monotype-hk/m-cute-hk/light,http://www.monotype.com.hk/image/Font_HK_Samples/MCuteHK-Light_Sample.png
M Cute HKS Light,简童稚体,MCuteHKS-Light,https://www.fonts.com/font/monotype-hk/m-cute-hks/light,http://www.monotype.com.hk/image/Font_HKS_Samples/MCuteHKS-Light_Sample.png
M Cute PRC Light,简童稚体,MCutePRC-Light,https://www.fonts.com/font/monotype-hk/m-cute-prc/light,http://www.monotype.com.hk/image/Font_PRC_Samples/MCutePRC-Light_Sample.png
M Cute PRCT Light,童稚體,MCutePRCT-Light,,http://www.monotype.com.hk/image/Font_PRCT_Samples/MCutePRCT-Light_Sample.png
M Dynasty HK Xbold,皇朝體,MDynastyHK-Xbold,https://www.fonts.com/font/monotype-hk/m-dynasty-hk/xbold,http://www.monotype.com.hk/image/Font_HK_Samples/MDynastyHK-Xbold_Sample.png
M Dynasty HKS Xbold,简皇朝体,MDynastyHKS-Xbold,https://www.fonts.com/font/monotype-hk/m-dynasty-hks/xbold,http://www.monotype.com.hk/image/Font_HKS_Samples/MDynastyHKS-Xbold_Sample.png
M Dynasty PRC Xbold,简皇朝体,MDynastyPRC-Xbold,https://www.fonts.com/font/monotype-hk/m-dynasty-prc/xbold,http://www.monotype.com.hk/image/Font_PRC_Samples/MDynastyPRC-Xbold_Sample.png
M Dynasty PRCT Xbold,皇朝體,MDynastyPRCT-Xbold,,http://www.monotype.com.hk/image/Font_PRCT_Samples/MDynastyPRCT-Xbold_Sample.png
M Ellan HK Light,幼雅蘭,MEllanHK-Light,https://www.fonts.com/font/monotype-hk/m-ellan-hk/light,http://www.monotype.com.hk/image/Font_HK_Samples/MEllanHK-Light_Sample.png
M Ellan HK SemiBold,正雅蘭,MEllanHK-SemiBold,https://www.fonts.com/font/monotype-hk/m-ellan-hk/semibold,http://www.monotype.com.hk/image/Font_HK_Samples/MEllanHK-SemiBold_Sample.png
M Ellan HK Xbold,粗雅蘭,MEllanHK-Xbold,https://www.fonts.com/font/monotype-hk/m-ellan-hk/xbold,http://www.monotype.com.hk/image/Font_HK_Samples/MEllanHK-Xbold_Sample.png
M Ellan HKS Light,简幼雅兰,MEllanHKS-Light,https://www.fonts.com/font/monotype-hk/m-ellan-hks/light,http://www.monotype.com.hk/image/Font_HKS_Samples/MEllanHKS-Light_Sample.png
M Ellan HKS SemiBold,简正雅兰,MEllanHKS-SemiBold,https://www.fonts.com/font/monotype-hk/m-ellan-hks/semibold,http://www.monotype.com.hk/image/Font_HKS_Samples/MEllanHKS-SemiBold_Sample.png
M Ellan HKS Xbold,简粗雅兰,MEllanHKS-Xbold,https://www.fonts.com/font/monotype-hk/m-ellan-hks/xbold,http://www.monotype.com.hk/image/Font_HKS_Samples/MEllanHKS-Xbold_Sample.png
M Ellan PRC Light,简幼雅兰,MEllanPRC-Light,https://www.fonts.com/font/monotype-hk/m-ellan-prc/light,http://www.monotype.com.hk/image/Font_PRC_Samples/MEllanPRC-Light_Sample.png
M Ellan PRC SemiBold,简正雅兰,MEllanPRC-SemiBold,https://www.fonts.com/font/monotype-hk/m-ellan-prc/semibold,http://www.monotype.com.hk/image/Font_PRC_Samples/MEllanPRC-SemiBold_Sample.png
M Ellan PRC Xbold,简粗雅兰,MEllanPRC-Xbold,https://www.fonts.com/font/monotype-hk/m-ellan-prc/xbold,http://www.monotype.com.hk/image/Font_PRC_Samples/MEllanPRC-Xbold_Sample.png
M Ellan PRCT Light,幼雅蘭,MEllanPRCT-Light,,http://www.monotype.com.hk/image/Font_PRCT_Samples/MEllanPRCT-Light_Sample.png
M Ellan PRCT SemiBold,正雅蘭,MEllanPRCT-SemiBold,,http://www.monotype.com.hk/image/Font_PRCT_Samples/MEllanPRCT-SemiBold_Sample.png
M Ellan PRCT Xbold,粗雅蘭,MEllanPRCT-Xbold,,http://www.monotype.com.hk/image/Font_PRCT_Samples/MEllanPRCT-Xbold_Sample.png
M Elle HK Light,幼雅麗,MElleHK-Light,https://www.fonts.com/font/monotype-hk/m-elle-hk/light,http://www.monotype.com.hk/image/Font_HK_Samples/MElleHK-Light_Sample.png
M Elle HK Medium,雅麗體,MElleHK-Medium,https://www.fonts.com/font/monotype-hk/m-elle-hk/medium,http://www.monotype.com.hk/image/Font_HK_Samples/MElleHK-Medium_Sample.png
M Elle HK Xbold,粗雅麗,MElleHK-Xbold,https://www.fonts.com/font/monotype-hk/m-elle-hk/xbold,http://www.monotype.com.hk/image/Font_HK_Samples/MElleHK-Xbold_Sample.png
M Elle HKS Light,简幼雅丽,MElleHKS-Light,https://www.fonts.com/font/monotype-hk/m-elle-hks/light,http://www.monotype.com.hk/image/Font_HKS_Samples/MElleHKS-Light_Sample.png
M Elle HKS Medium,简雅丽体,MElleHKS-Medium,https://www.fonts.com/font/monotype-hk/m-elle-hks/medium,http://www.monotype.com.hk/image/Font_HKS_Samples/MElleHKS-Medium_Sample.png
M Elle HKS Xbold,简粗雅丽,MElleHKS-Xbold,https://www.fonts.com/font/monotype-hk/m-elle-hks/xbold,http://www.monotype.com.hk/image/Font_HKS_Samples/MElleHKS-Xbold_Sample.png
M Elle PRC Light,简幼雅丽,MEllePRC-Light,https://www.fonts.com/font/monotype-hk/m-elle-prc/light,http://www.monotype.com.hk/image/Font_PRC_Samples/MEllePRC-Light_Sample.png
M Elle PRC Medium,简雅丽体,MEllePRC-Medium,https://www.fonts.com/font/monotype-hk/m-elle-prc/medium,http://www.monotype.com.hk/image/Font_PRC_Samples/MEllePRC-Medium_Sample.png
M Elle PRC Xbold,简粗雅丽,MEllePRC-Xbold,https://www.fonts.com/font/monotype-hk/m-elle-prc/xbold,http://www.monotype.com.hk/image/Font_PRC_Samples/MEllePRC-Xbold_Sample.png
M Elle PRCT Light,幼雅麗,MEllePRCT-Light,,http://www.monotype.com.hk/image/Font_PRCT_Samples/MEllePRCT-Light_Sample.png
M Elle PRCT Medium,雅麗體,MEllePRCT-Medium,,http://www.monotype.com.hk/image/Font_PRCT_Samples/MEllePRCT-Medium_Sample.png
M Elle PRCT Xbold,粗雅麗,MEllePRCT-Xbold,,http://www.monotype.com.hk/image/Font_PRCT_Samples/MEllePRCT-Xbold_Sample.png
M Felt Pen HK SemiMedium,細毡筆,MFeltPenHK-SemiMedium,https://www.fonts.com/font/monotype-hk/m-felt-pen-hk/semi-medium,http://www.monotype.com.hk/image/Font_HK_Samples/MFeltPenHK-SemiMedium_Sample.png
M Felt Pen HK SemiBold,毡筆體,MFeltPenHK-SemiBold,https://www.fonts.com/font/monotype-hk/m-felt-pen-hk/semibold,http://www.monotype.com.hk/image/Font_HK_Samples/MFeltPenHK-SemiBold_Sample.png
M Felt Pen HKS SemiBold,简毡笔体,MFeltPenHKS-SemiBold,https://www.fonts.com/font/monotype-hk/m-felt-pen-hks/semibold,http://www.monotype.com.hk/image/Font_HKS_Samples/MFeltPenHKS-SemiBold_Sample.png
M Felt Pen HKS SemiMedium,简细毡笔,MFeltPenHKS-SemiMedium,https://www.fonts.com/font/monotype-hk/m-felt-pen-hks/semimedium,http://www.monotype.com.hk/image/Font_HKS_Samples/MFeltPenHKS-SemiMedium_Sample.png
M Felt Pen PRC SemiMedium,简细毡笔,MFeltPenPRC-SemiMedium,https://www.fonts.com/font/monotype-hk/m-felt-pen-prc/semi-medium,http://www.monotype.com.hk/image/Font_PRC_Samples/MFeltPenPRC-SemiMedium_Sample.png
M Felt Pen PRC SemiBold,简毡笔体,MFeltPenPRC-SemiBold,https://www.fonts.com/font/monotype-hk/m-felt-pen-prc/semibold,http://www.monotype.com.hk/image/Font_PRC_Samples/MFeltPenPRC-SemiBold_Sample.png
M Felt Pen PRCT SemiBold,毡筆體,MFeltPenPRCT-SemiBold,,http://www.monotype.com.hk/image/Font_PRCT_Samples/MFeltPenPRCT-SemiBold_Sample.png
M Felt Pen PRCT SemiMedium,細毡筆,MFeltPenPRCT-SemiMedium,,http://www.monotype.com.hk/image/Font_PRCT_Samples/MFeltPenPRCT-SemiMedium_Sample.png
M Finance HK Bold,盈富體,MFinanceHK-Bold,https://www.fonts.com/font/monotype-hk/m-finance-hk/bold,http://www.monotype.com.hk/image/Font_HK_Samples/MFinanceHK-Bold_Sample.png
M Finance HKS Bold,简盈富体,MFinanceHKS-Bold,https://www.fonts.com/font/monotype-hk/m-finance-hks/bold,http://www.monotype.com.hk/image/Font_HKS_Samples/MFinanceHKS-Bold_Sample.png
M Finance PRC Bold,简盈富体,MFinancePRC-Bold,https://www.fonts.com/font/monotype-hk/m-finance-prc/bold,http://www.monotype.com.hk/image/Font_PRC_Samples/MFinancePRC-Bold_Sample.png
M Finance PRCT Bold,盈富體,MFinancePRCT-Bold,,http://www.monotype.com.hk/image/Font_PRCT_Samples/MFinancePRCT-Bold_Sample.png
M Gentle HK Bold,正纖蘭,MGentleHK-Bold,https://www.fonts.com/font/monotype-hk/m-gentle-hk/bold,http://www.monotype.com.hk/image/Font_HK_Samples/MGentleHK-Bold_Sample.png
M Gentle HK Light,纖蘭體,MGentleHK-Light,https://www.fonts.com/font/monotype-hk/m-gentle-hk/light,http://www.monotype.com.hk/image/Font_HK_Samples/MGentleHK-Light_Sample.png
M Gentle HK Xbold,粗纖蘭,MGentleHK-Xbold,https://www.fonts.com/font/monotype-hk/m-gentle-hk/xbold,http://www.monotype.com.hk/image/Font_HK_Samples/MGentleHK-Xbold_Sample.png
M Gentle HKS Bold,简正纤兰,MGentleHKS-Bold,https://www.fonts.com/font/monotype-hk/m-gentle-hks/bold,http://www.monotype.com.hk/image/Font_HKS_Samples/MGentleHKS-Bold_Sample.png
M Gentle HKS Light,简纤兰体,MGentleHKS-Light,https://www.fonts.com/font/monotype-hk/m-gentle-hks/light,http://www.monotype.com.hk/image/Font_HKS_Samples/MGentleHKS-Light_Sample.png
M Gentle HKS Xbold,简粗纤兰,MGentleHKS-Xbold,https://www.fonts.com/font/monotype-hk/m-gentle-hks/xbold,http://www.monotype.com.hk/image/Font_HKS_Samples/MGentleHKS-Xbold_Sample.png
M Gentle PRC Bold,简正纤兰,MGentlePRC-Bold,https://www.fonts.com/font/monotype-hk/m-gentle-prc/bold,http://www.monotype.com.hk/image/Font_PRC_Samples/MGentlePRC-Bold_Sample.png
M Gentle PRC Light,简纤兰体,MGentlePRC-Light,https://www.fonts.com/font/monotype-hk/m-gentle-prc/light,http://www.monotype.com.hk/image/Font_PRC_Samples/MGentlePRC-Light_Sample.png
M Gentle PRC Xbold,简粗纤兰,MGentlePRC-Xbold,https://www.fonts.com/font/monotype-hk/m-gentle-prc/xbold,http://www.monotype.com.hk/image/Font_PRC_Samples/MGentlePRC-Xbold_Sample.png
M Gentle PRCT Bold,正纖蘭,MGentlePRCT-Bold,,http://www.monotype.com.hk/image/Font_PRCT_Samples/MGentlePRCT-Bold_Sample.png
M Gentle PRCT Light,纖蘭體,MGentlePRCT-Light,,http://www.monotype.com.hk/image/Font_PRCT_Samples/MGentlePRCT-Light_Sample.png
M Gentle PRCT Xbold,粗纖蘭,MGentlePRCT-Xbold,,http://www.monotype.com.hk/image/Font_PRCT_Samples/MGentlePRCT-Xbold_Sample.png
M Gothic Gold HK Medium,中金體,MGothicGoldHK-Medium,https://www.fonts.com/font/monotype-hk/m-gothic-gold-hk/medium,http://www.monotype.com.hk/image/Font_HK_Samples/MGothicGoldHK-Medium_Sample.png
M Gothic Gold HKS Medium,简中金体,MGothicGoldHKS-Medium,https://www.fonts.com/font/monotype-hk/m-gothic-gold-hks/medium,http://www.monotype.com.hk/image/Font_HKS_Samples/MGothicGoldHKS-Medium_Sample.png
M Gothic Gold PRC Medium,简中金体,MGothicGoldPRC-Medium,https://www.fonts.com/font/monotype-hk/m-gothic-gold-prc/medium,http://www.monotype.com.hk/image/Font_PRC_Samples/MGothicGoldPRC-Medium_Sample.png
M Gothic Gold PRCT Medium,中金體,MGothicGoldPRCT-Medium,,http://www.monotype.com.hk/image/Font_PRCT_Samples/MGothicGoldPRCT-Medium_Sample.png
M Hei HK Bold,黑體,MHeiHK-Bold,https://www.fonts.com/font/monotype-hk/m-hei-hk/bold,http://www.monotype.com.hk/image/Font_HK_Samples/MHeiHK-Bold_Sample.png
M Hei HK Heavy,特黑體,MHeiHK-Heavy,https://www.fonts.com/font/monotype-hk/m-hei-hk/heavy,http://www.monotype.com.hk/image/Font_HK_Samples/MHeiHK-Heavy_Sample.png
M Hei HK Light,正線體,MHeiHK-Light,https://www.fonts.com/font/monotype-hk/m-hei-hk/light,http://www.monotype.com.hk/image/Font_HK_Samples/MHeiHK-Light_Sample.png
M Hei HK Medium,中黑體,MHeiHK-Medium,https://www.fonts.com/font/monotype-hk/m-hei-hk/medium,http://www.monotype.com.hk/image/Font_HK_Samples/MHeiHK-Medium_Sample.png
M Hei HK Xbold,粗黑體,MHeiHK-Xbold,https://www.fonts.com/font/monotype-hk/m-hei-hk/xbold,http://www.monotype.com.hk/image/Font_HK_Samples/MHeiHK-Xbold_Sample.png
M Hei HKS Bold,简黑,MHeiHKS-Bold,https://www.fonts.com/font/monotype-hk/m-hei-hks/bold,http://www.monotype.com.hk/image/Font_HKS_Samples/MHeiHKS-Bold_Sample.png
M Hei HKS Heavy,简特黑,MHeiHKS-Heavy,https://www.fonts.com/font/monotype-hk/m-hei-hks/heavy,http://www.monotype.com.hk/image/Font_HKS_Samples/MHeiHKS-Heavy_Sample.png
M Hei HKS Light,简正线,MHeiHKS-Light,https://www.fonts.com/font/monotype-hk/m-hei-hks/light,http://www.monotype.com.hk/image/Font_HKS_Samples/MHeiHKS-Light_Sample.png
M Hei HKS Medium,简中黑,MHeiHKS-Medium,https://www.fonts.com/font/monotype-hk/m-hei-hks/medium,http://www.monotype.com.hk/image/Font_HKS_Samples/MHeiHKS-Medium_Sample.png
M Hei HKS Xbold,简粗黑,MHeiHKS-Xbold,https://www.fonts.com/font/monotype-hk/m-hei-hks/xbold,http://www.monotype.com.hk/image/Font_HKS_Samples/MHeiHKS-Xbold_Sample.png
M Hei PRC Bold,简黑,MHeiPRC-Bold,https://www.fonts.com/font/monotype-hk/m-hei-prc/bold,http://www.monotype.com.hk/image/Font_PRC_Samples/MHeiPRC-Bold_Sample.png
M Hei PRC Heavy,简特黑,MHeiPRC-Heavy,https://www.fonts.com/font/monotype-hk/m-hei-prc/heavy,http://www.monotype.com.hk/image/Font_PRC_Samples/MHeiPRC-Heavy_Sample.png
M Hei PRC Light,简正线,MHeiPRC-Light,https://www.fonts.com/font/monotype-hk/m-hei-prc/light,http://www.monotype.com.hk/image/Font_PRC_Samples/MHeiPRC-Light_Sample.png
M Hei PRC Medium,简中黑,MHeiPRC-Medium,https://www.fonts.com/font/monotype-hk/m-hei-prc/medium,http://www.monotype.com.hk/image/Font_PRC_Samples/MHeiPRC-Medium_Sample.png
M Hei PRC Xbold,简粗黑,MHeiPRC-Xbold,https://www.fonts.com/font/monotype-hk/m-hei-prc/xbold,http://www.monotype.com.hk/image/Font_PRC_Samples/MHeiPRC-Xbold_Sample.png
M Hei PRCT Bold,黑體,MHeiPRCT-Bold,,http://www.monotype.com.hk/image/Font_PRCT_Samples/MHeiPRCT-Bold_Sample.png
M Hei PRCT Heavy,特黑體,MHeiPRCT-Heavy,,http://www.monotype.com.hk/image/Font_PRCT_Samples/MHeiPRCT-Heavy_Sample.png
M Hei PRCT Light,正線體,MHeiPRCT-Light,,http://www.monotype.com.hk/image/Font_PRCT_Samples/MHeiPRCT-Light_Sample.png
M Hei PRCT Medium,中黑體,MHeiPRCT-Medium,,http://www.monotype.com.hk/image/Font_PRCT_Samples/MHeiPRCT-Medium_Sample.png
M Hei PRCT Xbold,粗黑體,MHeiPRCT-Xbold,,http://www.monotype.com.hk/image/Font_PRCT_Samples/MHeiPRCT-Xbold_Sample.png
M Hei Sung HK UltraBold,標黑體,MHeiSungHK-UltraBold,https://www.fonts.com/font/monotype-hk/m-hei-sung-hk/ultra-bold,http://www.monotype.com.hk/image/Font_HK_Samples/MHeiSungHK-UltraBold_Sample.png
M Hei Sung HKS UltraBold,简标黑体,MHeiSungHKS-UltraBold,https://www.fonts.com/font/monotype-hk/m-hei-sung-hks/ultrabold,http://www.monotype.com.hk/image/Font_HKS_Samples/MHeiSungHKS-UltraBold_Sample.png
M Hei Sung PRC UltraBold,简标黑体,MHeiSungPRC-UltraBold,https://www.fonts.com/font/monotype-hk/m-hei-sung-prc/ultra-bold,http://www.monotype.com.hk/image/Font_PRC_Samples/MHeiSungPRC-UltraBold_Sample.png
M Hei Sung PRCT UltraBold,標黑體,MHeiSungPRCT-UltraBold,,http://www.monotype.com.hk/image/Font_PRCT_Samples/MHeiSungPRCT-UltraBold_Sample.png
M HG Hagoromo T HK Light,和羽衣體T,MHGHagoromoTHK-Light,https://www.fonts.com/font/monotype-hk/m-hg-hagoromo-t-hk/light,http://www.monotype.com.hk/image/Font_HK_Samples/MHGHagoromoTHK-Light_Sample.png
M HG Hagoromo T HK Medium,中和羽衣體T,MHGHagoromoTHK-Medium,https://www.fonts.com/font/monotype-hk/m-hg-hagoromo-t-hk/medium,http://www.monotype.com.hk/image/Font_HK_Samples/MHGHagoromoTHK-Medium_Sample.png
M HG Hagoromo T PRCT Light,和羽衣體T,MHGHagoromoTPRCT-Light,,http://www.monotype.com.hk/image/Font_PRCT_Samples/MHGHagoromoTPRCT-Light_Sample.png
M HG Hagoromo T PRCT Medium,中和羽衣體T,MHGHagoromoTPRCT-Medium,,http://www.monotype.com.hk/image/Font_PRCT_Samples/MHGHagoromoTPRCT-Medium_Sample.png
M HG Kyokashotai T HK Light,和教科書體T,MHGKyokashotaiTHK-Light,https://www.fonts.com/font/monotype-hk/m-hg-kyokashotai-t-hk/light,http://www.monotype.com.hk/image/Font_HK_Samples/MHGKyokashotaiTHK-Light_Sample.png
M HG Kyokashotai T PRCT Light,和教科書體T,MHGKyokashotaiTPRCT-Light,,http://www.monotype.com.hk/image/Font_PRCT_Samples/MHGKyokashotaiTPRCT-Light_Sample.png
M HG Reithic T HK Light,和古圓體T,MHGReithicTHK-Light,https://www.fonts.com/font/monotype-hk/m-hg-reithic-t-hk/light,http://www.monotype.com.hk/image/Font_HK_Samples/MHGReithicTHK-Light_Sample.png
M HG Reithic T PRCT Light,和古圓體T,MHGReithicTPRCT-Light,,http://www.monotype.com.hk/image/Font_PRCT_Samples/MHGReithicTPRCT-Light_Sample.png
M J Ngai HK Medium,中綜藝,MJNgaiHK-Medium,https://www.fonts.com/font/monotype-hk/m-j-ngai-hk/medium,http://www.monotype.com.hk/image/Font_HK_Samples/MJNgaiHK-Medium_Sample.png
M J Ngai HKS Medium,简中综艺,MJNgaiHKS-Medium,https://www.fonts.com/font/monotype-hk/m-j-ngai-hks/medium,http://www.monotype.com.hk/image/Font_HKS_Samples/MJNgaiHKS-Medium_Sample.png
M J Ngai PRC Medium,简中综艺,MJNgaiPRC-Medium,https://www.fonts.com/font/monotype-hk/m-j-ngai-prc/medium,http://www.monotype.com.hk/image/Font_PRC_Samples/MJNgaiPRC-Medium_Sample.png
M J Ngai PRCT Medium,中綜藝,MJNgaiPRCT-Medium,,http://www.monotype.com.hk/image/Font_PRCT_Samples/MJNgaiPRCT-Medium_Sample.png
M Kai 2 HK Black,特粗楷二,MKai2HK-Black,https://www.fonts.com/font/monotype-hk/m-kai-2-hk/black,http://www.monotype.com.hk/image/Font_HK_Samples/MKai2HK-Black_Sample.png
M Kai 2 HKS Black,简特粗楷二,MKai2HKS-Black,https://www.fonts.com/font/monotype-hk/m-kai-2-hks/black,http://www.monotype.com.hk/image/Font_HKS_Samples/MKai2HKS-Black_Sample.png
M Kai 2 PRC Black,简特粗楷二,MKai2PRC-Black,https://www.fonts.com/font/monotype-hk/m-kai-2-prc/black,http://www.monotype.com.hk/image/Font_PRC_Samples/MKai2PRC-Black_Sample.png
M Kai 2 PRCT Black,特粗楷二,MKai2PRCT-Black,,http://www.monotype.com.hk/image/Font_PRCT_Samples/MKai2PRCT-Black_Sample.png
M Kai HK Medium,楷書,MKaiHK-Medium,https://www.fonts.com/font/monotype-hk/m-kai-hk/medium,http://www.monotype.com.hk/image/Font_HK_Samples/MKaiHK-Medium_Sample.png
M Kai HK Semibold,正楷書,MKaiHK-Semibold,https://www.fonts.com/font/monotype-hk/m-kai-hk/semibold,http://www.monotype.com.hk/image/Font_HK_Samples/MKaiHK-SemiBold_Sample.png
M Kai HKS Medium,简楷书,MKaiHKS-Medium,https://www.fonts.com/font/monotype-hk/m-kai-hks/medium,http://www.monotype.com.hk/image/Font_HKS_Samples/MKaiHKS-Medium_Sample.png
M Kai HKS SemiBold,简正楷书,MKaiHKS-SemiBold,https://www.fonts.com/font/monotype-hk/m-kai-hks/semibold,http://www.monotype.com.hk/image/Font_HKS_Samples/MKaiHKS-SemiBold_Sample.png
M Kai PRC Medium,简楷书,MKaiPRC-Medium,https://www.fonts.com/font/monotype-hk/m-kai-prc/medium,http://www.monotype.com.hk/image/Font_PRC_Samples/MKaiPRC-Medium_Sample.png
M Kai PRC SemiBold,简正楷书,MKaiPRC-SemiBold,https://www.fonts.com/font/monotype-hk/m-kai-prc/semibold,http://www.monotype.com.hk/image/Font_PRC_Samples/MKaiPRC-SemiBold_Sample.png
M Kai PRCT Medium,楷書,MKaiPRCT-Medium,,http://www.monotype.com.hk/image/Font_PRCT_Samples/MKaiPRCT-Medium_Sample.png
M Kai PRCT SemiBold,正楷書,MKaiPRCT-SemiBold,,http://www.monotype.com.hk/image/Font_PRCT_Samples/MKaiPRCT-SemiBold_Sample.png
M Lady HK Medium,雅倩體,MLadyHK-Medium,https://www.fonts.com/font/monotype-hk/m-lady-hk/medium,http://www.monotype.com.hk/image/Font_HK_Samples/MLadyHK-Medium_Sample.png
M Lady HKS Medium,简雅倩体,MLadyHKS-Medium,https://www.fonts.com/font/monotype-hk/m-lady-hks/medium,http://www.monotype.com.hk/image/Font_HKS_Samples/MLadyHKS-Medium_Sample.png
M Lady PRC Medium,简雅倩体,MLadyPRC-Medium,https://www.fonts.com/font/monotype-hk/m-lady-prc/medium,http://www.monotype.com.hk/image/Font_PRC_Samples/MLadyPRC-Medium_Sample.png
M Lady PRCT Medium,雅倩體,MLadyPRCT-Medium,,http://www.monotype.com.hk/image/Font_PRCT_Samples/MLadyPRCT-Medium_Sample.png
M Lava HK UltraBold,岩流體,MLavaHK-UltraBold,https://www.fonts.com/font/monotype-hk/m-lava-hk/ultrabold,http://www.monotype.com.hk/image/Font_HK_Samples/MLavaHK-UltraBold_Sample.png
M Lava HKS UltraBold,简岩流体,MLavaHKS-UltraBold,https://www.fonts.com/font/monotype-hk/m-lava-hks/ultrabold,http://www.monotype.com.hk/image/Font_HKS_Samples/MLavaHKS-UltraBold_Sample.png
M Lava PRC UltraBold,简岩流体,MLavaPRC-UltraBold,https://www.fonts.com/font/monotype-hk/m-lava-prc/ultrabold,http://www.monotype.com.hk/image/Font_PRC_Samples/MLavaPRC-UltraBold_Sample.png
M Lava PRCT UltraBold,岩流體,MLavaPRCT-UltraBold,,http://www.monotype.com.hk/image/Font_PRCT_Samples/MLavaPRCT-UltraBold_Sample.png
M Li HK Bold,隸書,MLiHK-Bold,https://www.fonts.com/font/monotype-hk/m-li-hk/bold,http://www.monotype.com.hk/image/Font_HK_Samples/MLiHK-Bold_Sample.png
M Li HKS Bold,简隶书,MLiHKS-Bold,https://www.fonts.com/font/monotype-hk/m-li-hks/bold,http://www.monotype.com.hk/image/Font_HKS_Samples/MLiHKS-Bold_Sample.png
M Li PRC Bold,简隶书,MLiPRC-Bold,https://www.fonts.com/font/monotype-hk/m-li-prc/bold,http://www.monotype.com.hk/image/Font_PRC_Samples/MLiPRC-Bold_Sample.png
M Li PRCT Bold,隸書,MLiPRCT-Bold,,http://www.monotype.com.hk/image/Font_PRCT_Samples/MLiPRCT-Bold_Sample.png
M Ling Wai F HK Light,凌慧體F,MLingWaiFHK-Light,https://www.fonts.com/font/monotype-hk/m-ling-wai-f-hk/light,http://www.monotype.com.hk/image/Font_HK_Samples/MLingWaiFHK-Light_Sample.png
M Ling Wai F PRCT Light,凌慧體F,MLingWaiFPRCT-Light,,http://www.monotype.com.hk/image/Font_PRCT_Samples/MLingWaiFPRCT-Light_Sample.png
M Ling Wai HK Medium,,MLingWaiMedium-TC,https://www.fonts.com/font/monotype-hk/m-ling-wai-hk/medium,
M Ling Wai P HK Light,凌慧體P,MLingWaiPHK-Light,https://www.fonts.com/font/monotype-hk/m-ling-wai-p-hk/light,http://www.monotype.com.hk/image/Font_HK_Samples/MLingWaiPHK-Light_Sample.png
M Ling Wai P PRCT Light,凌慧體P,MLingWaiPPRCT-Light,,http://www.monotype.com.hk/image/Font_PRCT_Samples/MLingWaiPPRCT-Light_Sample.png
M Ling Wai PRC Medium,,MLingWaiMedium-SC,https://www.fonts.com/font/monotype-hk/m-ling-wai-prc/medium,
M Marker HK Bold,箱筆體,MMarkerHK-Bold,https://www.fonts.com/font/monotype-hk/m-marker-hk/bold,http://www.monotype.com.hk/image/Font_HK_Samples/MMarkerHK-Bold_Sample.png
M Marker HKS Bold,简箱笔体,MMarkerHKS-Bold,https://www.fonts.com/font/monotype-hk/m-marker-hks/bold,http://www.monotype.com.hk/image/Font_HKS_Samples/MMarkerHKS-Bold_Sample.png
M Marker PRC Bold,简箱笔体,MMarkerPRC-Bold,https://www.fonts.com/font/monotype-hk/m-marker-prc/bold,http://www.monotype.com.hk/image/Font_PRC_Samples/MMarkerPRC-Bold_Sample.png
M Marker PRCT Bold,箱筆體,MMarkerPRCT-Bold,,http://www.monotype.com.hk/image/Font_PRCT_Samples/MMarkerPRCT-Bold_Sample.png
M Metallic Hei HK Bold,鋼黑體,MMetallicHeiHK-Bold,https://www.fonts.com/font/monotype-hk/m-metallic-hei-hk/bold,http://www.monotype.com.hk/image/Font_HK_Samples/MMetallicHeiHK-Bold_Sample.png
M Metallic Hei HKS Bold,简钢黑体,MMetallicHeiHKS-Bold,https://www.fonts.com/font/monotype-hk/m-metallic-hei-hks/bold,http://www.monotype.com.hk/image/Font_HKS_Samples/MMetallicHeiHKS-Bold_Sample.png
M Metallic Hei PRC Bold,简钢黑体,MMetallicHeiPRC-Bold,https://www.fonts.com/font/monotype-hk/m-metallic-hei-prc/bold,http://www.monotype.com.hk/image/Font_PRC_Samples/MMetallicHeiPRC-Bold_Sample.png
M Metallic Hei PRCT Bold,鋼黑體,MMetallicHeiPRCT-Bold,,http://www.monotype.com.hk/image/Font_PRCT_Samples/MMetallicHeiPRCT-Bold_Sample.png
M Ngai HK Bold,藝體,MNgaiHK-Bold,https://www.fonts.com/font/monotype-hk/m-ngai-hk/bold,http://www.monotype.com.hk/image/Font_HK_Samples/MNgaiHK-Bold_Sample.png
M Ngai HKS Bold,简艺体,MNgaiHKS-Bold,https://www.fonts.com/font/monotype-hk/m-ngai-hks/bold,http://www.monotype.com.hk/image/Font_HKS_Samples/MNgaiHKS-Bold_Sample.png
M Ngai PRC Bold,简艺体,MNgaiPRC-Bold,https://www.fonts.com/font/monotype-hk/m-ngai-prc/bold,http://www.monotype.com.hk/image/Font_PRC_Samples/MNgaiPRC-Bold_Sample.png
M Ngai PRCT Bold,藝體,MNgaiPRCT-Bold,,http://www.monotype.com.hk/image/Font_PRCT_Samples/MNgaiPRCT-Bold_Sample.png
M Qing Hua HK Light,幼清華,MQingHuaHK-Light,https://www.fonts.com/font/monotype-hk/m-qing-hua-hk/light,http://www.monotype.com.hk/image/Font_HK_Samples/MQingHuaHK-Light_Sample.png
M Qing Hua HK SemiBold,正清華,MQingHuaHK-SemiBold,https://www.fonts.com/font/monotype-hk/m-qing-hua-hk/semibold,http://www.monotype.com.hk/image/Font_HK_Samples/MQingHuaHK-SemiBold_Sample.png
M Qing Hua HK Xbold,清華體,MQingHuaHK-Xbold,https://www.fonts.com/font/monotype-hk/m-qing-hua-hk/extrabold,http://www.monotype.com.hk/image/Font_HK_Samples/MQingHuaHK-Xbold_Sample.png
M Qing Hua HKS Light,简幼清华,MQingHuaHKS-Light,https://www.fonts.com/font/monotype-hk/m-qing-hua-hks/light,http://www.monotype.com.hk/image/Font_HKS_Samples/MQingHuaHKS-Light_Sample.png
M Qing Hua HKS SemiBold,简正清华,MQingHuaHKS-SemiBold,https://www.fonts.com/font/monotype-hk/m-qing-hua-hks/semibold,http://www.monotype.com.hk/image/Font_HKS_Samples/MQingHuaHKS-SemiBold_Sample.png
M Qing Hua HKS Xbold,简清华体,MQingHuaHKS-Xbold,https://www.fonts.com/font/monotype-hk/m-qing-hua-hks/xbold,http://www.monotype.com.hk/image/Font_HKS_Samples/MQingHuaHKS-Xbold_Sample.png
M Qing Hua PRC Light,简幼清华,MQingHuaPRC-Light,https://www.fonts.com/font/monotype-hk/m-qing-hua-prc/light,http://www.monotype.com.hk/image/Font_PRC_Samples/MQingHuaPRC-Light_Sample.png
M Qing Hua PRC SemiBold,简正清华,MQingHuaPRC-SemiBold,https://www.fonts.com/font/monotype-hk/m-qing-hua-prc/semibold,http://www.monotype.com.hk/image/Font_PRC_Samples/MQingHuaPRC-SemiBold_Sample.png
M Qing Hua PRC Xbold,简清华体,MQingHuaPRC-Xbold,https://www.fonts.com/font/monotype-hk/m-qing-hua-prc/extrabold,http://www.monotype.com.hk/image/Font_PRC_Samples/MQingHuaPRC-Xbold_Sample.png
M Qing Hua PRCT Light,幼清華,MQingHuaPRCT-Light,,http://www.monotype.com.hk/image/Font_PRCT_Samples/MQingHuaPRCT-Light_Sample.png
M Qing Hua PRCT SemiBold,正清華,MQingHuaPRCT-SemiBold,,http://www.monotype.com.hk/image/Font_PRCT_Samples/MQingHuaPRCT-SemiBold_Sample.png
M Qing Hua PRCT Xbold,清華體,MQingHuaPRCT-Xbold,,http://www.monotype.com.hk/image/Font_PRCT_Samples/MQingHuaPRCT-Xbold_Sample.png
M Razor HK Xbold,粗銳體,MRazorHK-Xbold,https://www.fonts.com/font/monotype-hk/m-razor-hk/xbold,http://www.monotype.com.hk/image/Font_HK_Samples/MRazorHK-Xbold_Sample.png
M Razor HKS Xbold,简粗锐体,MRazorHKS-Xbold,https://www.fonts.com/font/monotype-hk/m-razor-hks/xbold,http://www.monotype.com.hk/image/Font_HKS_Samples/MRazorHKS-Xbold_Sample.png
M Razor PRC Xbold,简粗锐体,MRazorPRC-Xbold,https://www.fonts.com/font/monotype-hk/m-razor-prc/xbold,http://www.monotype.com.hk/image/Font_PRC_Samples/MRazorPRC-Xbold_Sample.png
M Razor PRCT Xbold,粗銳體,MRazorPRCT-Xbold,,http://www.monotype.com.hk/image/Font_PRCT_Samples/MRazorPRCT-Xbold_Sample.png
M Rocky HK Bold,石印體,MRockyHK-Bold,https://www.fonts.com/font/monotype-hk/m-rocky-hk/bold,http://www.monotype.com.hk/image/Font_HK_Samples/MRockyHK-Bold_Sample.png
M Rocky HKS Bold,简石印,MRockyHKS-Bold,https://www.fonts.com/font/monotype-hk/m-rocky-hks/bold,http://www.monotype.com.hk/image/Font_HKS_Samples/MRockyHKS-Bold_Sample.png
M Rocky PRC Bold,简石印,MRockyPRC-Bold,https://www.fonts.com/font/monotype-hk/m-rocky-prc/bold,http://www.monotype.com.hk/image/Font_PRC_Samples/MRockyPRC-Bold_Sample.png
M Rocky PRCT Bold,石印體,MRockyPRCT-Bold,,http://www.monotype.com.hk/image/Font_PRCT_Samples/MRockyPRCT-Bold_Sample.png
M Smart HK Bold,秀明體,MSmartHK-Bold,https://www.fonts.com/font/monotype-hk/m-smart-hk/bold,http://www.monotype.com.hk/image/Font_HK_Samples/MSmartHK-Bold_Sample.png
M Smart HK Medium,中秀明體,MSmartHK-Medium,https://www.fonts.com/font/monotype-hk/m-smart-hk/medium,http://www.monotype.com.hk/image/Font_HK_Samples/MSmartHK-Medium_Sample.png
M Smart HKS Bold,简秀明,MSmartHKS-Bold,https://www.fonts.com/font/monotype-hk/m-smart-hks/bold,http://www.monotype.com.hk/image/Font_HKS_Samples/MSmartHKS-Bold_Sample.png
M Smart HKS Medium,简中秀明,MSmartHKS-Medium,https://www.fonts.com/font/monotype-hk/m-smart-hks/medium,http://www.monotype.com.hk/image/Font_HKS_Samples/MSmartHKS-Medium_Sample.png
M Smart PRC Bold,简秀明,MSmartPRC-Bold,https://www.fonts.com/font/monotype-hk/m-smart-prc/bold,http://www.monotype.com.hk/image/Font_PRC_Samples/MSmartPRC-Bold_Sample.png
M Smart PRC Medium,简中秀明,MSmartPRC-Medium,https://www.fonts.com/font/monotype-hk/m-smart-prc/medium,http://www.monotype.com.hk/image/Font_PRC_Samples/MSmartPRC-Medium_Sample.png
M Smart PRCT Bold,秀明體,MSmartPRCT-Bold,,http://www.monotype.com.hk/image/Font_PRCT_Samples/MSmartPRCT-Bold_Sample.png
M Smart PRCT Medium,中秀明體,MSmartPRCT-Medium,,http://www.monotype.com.hk/image/Font_PRCT_Samples/MSmartPRCT-Medium_Sample.png
M Stiff Hei HK Black,特粗剛黑,MStiffHeiHK-Black,https://www.fonts.com/font/monotype-hk/m-stiff-hei-hk/black,http://www.monotype.com.hk/image/Font_HK_Samples/MStiffHeiHK-Black_Sample.png
M Stiff Hei HK Bold,剛黑體,MStiffHeiHK-Bold,https://www.fonts.com/font/monotype-hk/m-stiff-hei-hk/bold,http://www.monotype.com.hk/image/Font_HK_Samples/MStiffHeiHK-Bold_Sample.png
M Stiff Hei HK Light,幼剛黑,MStiffHeiHK-Light,https://www.fonts.com/font/monotype-hk/m-stiff-hei-hk/light,http://www.monotype.com.hk/image/Font_HK_Samples/MStiffHeiHK-Light_Sample.png
M Stiff Hei HK Medium,中剛黑,MStiffHeiHK-Medium,https://www.fonts.com/font/monotype-hk/m-stiff-hei-hk/medium,http://www.monotype.com.hk/image/Font_HK_Samples/MStiffHeiHK-Medium_Sample.png
M Stiff Hei HK UltraBold,超剛黑,MStiffHeiHK-UltraBold,https://www.fonts.com/font/monotype-hk/m-stiff-hei-hk/ultra-bold,http://www.monotype.com.hk/image/Font_HK_Samples/MStiffHeiHK-UltraBold_Sample.png
M Stiff Hei HKS Black,简特粗刚黑,MStiffHeiHKS-Black,https://www.fonts.com/font/monotype-hk/m-stiff-hei-hks/black,http://www.monotype.com.hk/image/Font_HKS_Samples/MStiffHeiHKS-Black_Sample.png
M Stiff Hei HKS Bold,简刚黑体,MStiffHeiHKS-Bold,https://www.fonts.com/font/monotype-hk/m-stiff-hei-hks/bold,http://www.monotype.com.hk/image/Font_HKS_Samples/MStiffHeiHKS-Bold_Sample.png
M Stiff Hei HKS Light,简幼刚黑,MStiffHeiHKS-Light,https://www.fonts.com/font/monotype-hk/m-stiff-hei-hks/light,http://www.monotype.com.hk/image/Font_HKS_Samples/MStiffHeiHKS-Light_Sample.png
M Stiff Hei HKS Medium,简中刚黑,MStiffHeiHKS-Medium,https://www.fonts.com/font/monotype-hk/m-stiff-hei-hks/medium,http://www.monotype.com.hk/image/Font_HKS_Samples/MStiffHeiHKS-Medium_Sample.png
M Stiff Hei HKS UltraBold,简超刚黑,MStiffHeiHKS-UltraBold,https://www.fonts.com/font/monotype-hk/m-stiff-hei-hks/ultrabold,http://www.monotype.com.hk/image/Font_HKS_Samples/MStiffHeiHKS-UltraBold_Sample.png
M Stiff Hei PRC Black,简特粗刚黑,MStiffHeiPRC-Black,https://www.fonts.com/font/monotype-hk/m-stiff-hei-prc/black,http://www.monotype.com.hk/image/Font_PRC_Samples/MStiffHeiPRC-Black_Sample.png
M Stiff Hei PRC Bold,简刚黑体,MStiffHeiPRC-Bold,https://www.fonts.com/font/monotype-hk/m-stiff-hei-prc/bold,http://www.monotype.com.hk/image/Font_PRC_Samples/MStiffHeiPRC-Bold_Sample.png
M Stiff Hei PRC Light,简幼刚黑,MStiffHeiPRC-Light,https://www.fonts.com/font/monotype-hk/m-stiff-hei-prc/light,http://www.monotype.com.hk/image/Font_PRC_Samples/MStiffHeiPRC-Light_Sample.png
M Stiff Hei PRC Medium,简中刚黑,MStiffHeiPRC-Medium,https://www.fonts.com/font/monotype-hk/m-stiff-hei-prc/medium,http://www.monotype.com.hk/image/Font_PRC_Samples/MStiffHeiPRC-Medium_Sample.png
M Stiff Hei PRC UltraBold,简超刚黑,MStiffHeiPRC-UltraBold,https://www.fonts.com/font/monotype-hk/m-stiff-hei-prc/ultra-bold,http://www.monotype.com.hk/image/Font_PRC_Samples/MStiffHeiPRC-UltraBold_Sample.png
M Stiff Hei PRCT Black,特粗剛黑,MStiffHeiPRCT-Black,,http://www.monotype.com.hk/image/Font_PRCT_Samples/MStiffHeiPRCT-Black_Sample.png
M Stiff Hei PRCT Bold,幼剛黑,MStiffHeiPRCT-Bold,,http://www.monotype.com.hk/image/Font_PRCT_Samples/MStiffHeiPRCT-Bold_Sample.png
M Stiff Hei PRCT Light,幼剛黑,MStiffHeiPRCT-Light,,http://www.monotype.com.hk/image/Font_PRCT_Samples/MStiffHeiPRCT-Light_Sample.png
M Stiff Hei PRCT Medium,中剛黑,MStiffHeiPRCT-Medium,,http://www.monotype.com.hk/image/Font_PRCT_Samples/MStiffHeiPRCT-Medium_Sample.png
M Stiff Hei PRCT UltraBold,超剛黑,MStiffHeiPRCT-UltraBold,,http://www.monotype.com.hk/image/Font_PRCT_Samples/MStiffHeiPRCT-UltraBold_Sample.png
M Stream HK Bold,分澗體,MStreamHK-Bold,https://www.fonts.com/font/monotype-hk/m-stream-hk/bold,http://www.monotype.com.hk/image/Font_HK_Samples/MStreamHK-Bold_Sample.png
M Stream HKS Bold,简分涧体,MStreamHKS-Bold,https://www.fonts.com/font/monotype-hk/m-stream-hks/bold,http://www.monotype.com.hk/image/Font_HKS_Samples/MStreamHKS-Bold_Sample.png
M Stream PRC Bold,简分涧体,MStreamPRC-Bold,https://www.fonts.com/font/monotype-hk/m-stream-prc/bold,http://www.monotype.com.hk/image/Font_PRC_Samples/MStreamPRC-Bold_Sample.png
M Stream PRCT Bold,分澗體,MStreamPRCT-Bold,,http://www.monotype.com.hk/image/Font_PRCT_Samples/MStreamPRCT-Bold_Sample.png
M Sung Gold HK Black,宋金黑,MSungGoldHK-Black,https://www.fonts.com/font/monotype-hk/m-sung-gold-hk/black,http://www.monotype.com.hk/image/Font_HK_Samples/MSungGoldHK-Black_Sample.png
M Sung Gold HKS Black,简宋金黑,MSungGoldHKS-Black,https://www.fonts.com/font/monotype-hk/m-sung-gold-hks/black,http://www.monotype.com.hk/image/Font_HKS_Samples/MSungGoldHKS-Black_Sample.png
M Sung Gold PRC Black,简宋金黑,MSungGoldPRC-Black,https://www.fonts.com/font/monotype-hk/m-sung-gold-prc/black,http://www.monotype.com.hk/image/Font_PRC_Samples/MSungGoldPRC-Black_Sample.png
M Sung Gold PRCT Black,宋金黑,MSungGoldPRCT-Black,,http://www.monotype.com.hk/image/Font_PRCT_Samples/MSungGoldPRCT-Black_Sample.png
M Sung HK Bold,黑宋,MSungHK-Bold,https://www.fonts.com/font/monotype-hk/m-sung-hk/bold,http://www.monotype.com.hk/image/Font_HK_Samples/MSungHK-Bold_Sample.png
M Sung HK Light,宋體,MSungHK-Light,https://www.fonts.com/font/monotype-hk/m-sung-hk/light,http://www.monotype.com.hk/image/Font_HK_Samples/MSungHK-Light_Sample.png
M Sung HK Medium,中宋體,MSungHK-Medium,https://www.fonts.com/font/monotype-hk/m-sung-hk/medium,http://www.monotype.com.hk/image/Font_HK_Samples/MSungHK-Medium_Sample.png
M Sung HK Xbold,粗宋體,MSungHK-Xbold,https://www.fonts.com/font/monotype-hk/m-sung-hk/xbold,http://www.monotype.com.hk/image/Font_HK_Samples/MSungHK-Xbold_Sample.png
M Sung HKS Bold,简黑宋,MSungHKS-Bold,https://www.fonts.com/font/monotype-hk/m-sung-hks/bold,http://www.monotype.com.hk/image/Font_HKS_Samples/MSungHKS-Bold_Sample.png
M Sung HKS Light,简宋,MSungHKS-Light,https://www.fonts.com/font/monotype-hk/m-sung-hks/light,http://www.monotype.com.hk/image/Font_HKS_Samples/MSungHKS-Light_Sample.png
M Sung HKS Medium,简中宋,MSungHKS-Medium,https://www.fonts.com/font/monotype-hk/m-sung-hks/medium,http://www.monotype.com.hk/image/Font_HKS_Samples/MSungHKS-Medium_Sample.png
M Sung HKS Xbold,简粗宋,MSungHKS-Xbold,https://www.fonts.com/font/monotype-hk/m-sung-hks/xbold,http://www.monotype.com.hk/image/Font_HKS_Samples/MSungHKS-Xbold_Sample.png
M Sung PRC Bold,简黑宋,MSungPRC-Bold,https://www.fonts.com/font/monotype-hk/m-sung-prc/bold,http://www.monotype.com.hk/image/Font_PRC_Samples/MSungPRC-Bold_Sample.png
M Sung PRC Light,简宋,MSungPRC-Light,https://www.fonts.com/font/monotype-hk/m-sung-prc/light,http://www.monotype.com.hk/image/Font_PRC_Samples/MSungPRC-Light_Sample.png
M Sung PRC Medium,简中宋,MSungPRC-Medium,https://www.fonts.com/font/monotype-hk/m-sung-prc/medium,http://www.monotype.com.hk/image/Font_PRC_Samples/MSungPRC-Medium_Sample.png
M Sung PRC Xbold,简粗宋,MSungPRC-Xbold,https://www.fonts.com/font/monotype-hk/m-sung-prc/xbold,http://www.monotype.com.hk/image/Font_PRC_Samples/MSungPRC-Xbold_Sample.png
M Sung PRCT Bold,黑宋,MSungPRCT-Bold,,http://www.monotype.com.hk/image/Font_PRCT_Samples/MSungPRCT-Bold_Sample.png
M Sung PRCT Light,宋體,MSungPRCT-Light,,http://www.monotype.com.hk/image/Font_PRCT_Samples/MSungPRCT-Light_Sample.png
M Sung PRCT Medium,中宋體,MSungPRCT-Medium,,http://www.monotype.com.hk/image/Font_PRCT_Samples/MSungPRCT-Medium_Sample.png
M Sung PRCT Xbold,粗宋體,MSungPRCT-Xbold,,http://www.monotype.com.hk/image/Font_PRCT_Samples/MSungPRCT-Xbold_Sample.png
M Windy HK Bold,嵐山隸書,MWindyHK-Bold,https://www.fonts.com/font/monotype-hk/m-windy-hk/bold,http://www.monotype.com.hk/image/Font_HK_Samples/MWindyHK-Bold_Sample.png
M Windy HKS Bold,简岚山隶书,MWindyHKS-Bold,https://www.fonts.com/font/monotype-hk/m-windy-hks/bold,http://www.monotype.com.hk/image/Font_HKS_Samples/MWindyHKS-Bold_Sample.png
M Windy PRC Bold,简岚山隶书,MWindyPRC-Bold,https://www.fonts.com/font/monotype-hk/m-windy-prc/bold,http://www.monotype.com.hk/image/Font_PRC_Samples/MWindyPRC-Bold_Sample.png
M Windy PRCT Bold,嵐山隸書,MWindyPRCT-Bold,,http://www.monotype.com.hk/image/Font_PRCT_Samples/MWindyPRCT-Bold_Sample.png
M Ying Hei HK W3,M 盈黑 HK W3,MYingHeiHK-W3,https://www.fonts.com/font/monotype-hk/m-ying-hei-hk/w3,http://www.monotype.com.hk/image/Font_HK_Samples/MYingHeiHK-W3_Sample.png
M Ying Hei HK W4,M 盈黑 HK W4,MYingHeiHK-W4,https://www.fonts.com/font/monotype-hk/m-ying-hei-hk/w4,http://www.monotype.com.hk/image/Font_HK_Samples/MYingHeiHK-W4_Sample.png
M Ying Hei HK W5,M 盈黑 HK W5,MYingHeiHK-W5,https://www.fonts.com/font/monotype-hk/m-ying-hei-hk/w5,http://www.monotype.com.hk/image/Font_HK_Samples/MYingHeiHK-W5_Sample.png
M Ying Hei HK W7,M 盈黑 HK W7,MYingHeiHK-W7,https://www.fonts.com/font/monotype-hk/m-ying-hei-hk/w7,http://www.monotype.com.hk/image/Font_HK_Samples/MYingHeiHK-W7_Sample.png
M Ying Hei HK W8,M 盈黑 HK W8,MYingHeiHK-W8,https://www.fonts.com/font/monotype-hk/m-ying-hei-hk/w8,http://www.monotype.com.hk/image/Font_HK_Samples/MYingHeiHK-W8_Sample.png
M Ying Hei PRC W3,M 盈黑 PRC W3,MYingHeiPRC-W3,https://www.fonts.com/font/monotype-hk/m-ying-hei-prc/w3,http://www.monotype.com.hk/image/Font_PRC_Samples/MYingHeiPRC-W3_Sample.png
M Ying Hei PRC W4,M 盈黑 PRC W4,MYingHeiPRC-W4,https://www.fonts.com/font/monotype-hk/m-ying-hei-prc/w4,http://www.monotype.com.hk/image/Font_PRC_Samples/MYingHeiPRC-W4_Sample.png
M Ying Hei PRC W5,M 盈黑 PRC W5,MYingHeiPRC-W5,https://www.fonts.com/font/monotype-hk/m-ying-hei-prc/w5,http://www.monotype.com.hk/image/Font_PRC_Samples/MYingHeiPRC-W5_Sample.png
M Ying Hei PRC W7,M 盈黑 PRC W7,MYingHeiPRC-W7,https://www.fonts.com/font/monotype-hk/m-ying-hei-prc/w7,http://www.monotype.com.hk/image/Font_PRC_Samples/MYingHeiPRC-W7_Sample.png
M Ying Hei PRC W8,M 盈黑 PRC W8,MYingHeiPRC-W8,https://www.fonts.com/font/monotype-hk/m-ying-hei-prc/w8,http://www.monotype.com.hk/image/Font_PRC_Samples/MYingHeiPRC-W8_Sample.png
M Young Hei HK Xbold,俏黑體,MYoungHeiHK-Xbold,https://www.fonts.com/font/monotype-hk/m-young-hei-hk/xbold,http://www.monotype.com.hk/image/Font_HK_Samples/MYoungHeiHK-Xbold_Sample.png
M Young Hei HKS Xbold,简俏黑,MYoungHeiHKS-Xbold,https://www.fonts.com/font/monotype-hk/m-young-hei-hks/xbold,http://www.monotype.com.hk/image/Font_HKS_Samples/MYoungHeiHKS-Xbold_Sample.png
M Young Hei PRC Xbold,简俏黑,MYoungHeiPRC-Xbold,https://www.fonts.com/font/monotype-hk/m-young-hei-prc/xbold,http://www.monotype.com.hk/image/Font_PRC_Samples/MYoungHeiPRC-Xbold_Sample.png
M Young Hei PRCT Xbold,俏黑體,MYoungHeiPRCT-Xbold,,http://www.monotype.com.hk/image/Font_PRCT_Samples/MYoungHeiPRCT-Xbold_Sample.png
M Young HK Medium,俏皮體,MYoungHK-Medium,https://www.fonts.com/font/monotype-hk/m-young-hk/medium,http://www.monotype.com.hk/image/Font_HK_Samples/MYoungHK-Medium_Sample.png
M Young HK Xbold,粗俏皮體,MYoungHK-Xbold,https://www.fonts.com/font/monotype-hk/m-young-hk/xbold,http://www.monotype.com.hk/image/Font_HK_Samples/MYoungHK-Xbold_Sample.png
M Young HKS Medium,简俏皮体,MYoungHKS-Medium,https://www.fonts.com/font/monotype-hk/m-young-hks/medium,http://www.monotype.com.hk/image/Font_HKS_Samples/MYoungHKS-Medium_Sample.png
M Young HKS Xbold,简粗俏皮体,MYoungHKS-Xbold,https://www.fonts.com/font/monotype-hk/m-young-hks/xbold,http://www.monotype.com.hk/image/Font_HKS_Samples/MYoungHKS-Xbold_Sample.png
M Young PRC Medium,简俏皮体,MYoungPRC-Medium,https://www.fonts.com/font/monotype-hk/m-young-prc/medium,http://www.monotype.com.hk/image/Font_PRC_Samples/MYoungPRC-Medium_Sample.png
M Young PRC Xbold,简粗俏皮体,MYoungPRC-Xbold,https://www.fonts.com/font/monotype-hk/m-young-prc/xbold,http://www.monotype.com.hk/image/Font_PRC_Samples/MYoungPRC-Xbold_Sample.png
M Young PRCT Medium,俏皮體,MYoungPRCT-Medium,,http://www.monotype.com.hk/image/Font_PRCT_Samples/MYoungPRCT-Medium_Sample.png
M Young PRCT Xbold,粗俏皮體,MYoungPRCT-Xbold,,http://www.monotype.com.hk/image/Font_PRCT_Samples/MYoungPRCT-Xbold_Sample.png
M Yoyo HK Medium,搖揚體,MYoyoHK-Medium,https://www.fonts.com/font/monotype-hk/m-yoyo-hk/medium,http://www.monotype.com.hk/image/Font_HK_Samples/MYoyoHK-Medium_Sample.png
M Yoyo HKS Medium,简摇扬体,MYoyoHKS-Medium,https://www.fonts.com/font/monotype-hk/m-yoyo-hks/medium,http://www.monotype.com.hk/image/Font_HKS_Samples/MYoyoHKS-Medium_Sample.png
M Yoyo PRC Medium,简摇扬体,MYoyoPRC-Medium,https://www.fonts.com/font/monotype-hk/m-yoyo-prc/medium,http://www.monotype.com.hk/image/Font_PRC_Samples/MYoyoPRC-Medium_Sample.png
M Yoyo PRCT Medium,搖揚體,MYoyoPRCT-Medium,,http://www.monotype.com.hk/image/Font_PRCT_Samples/MYoyoPRCT-Medium_Sample.png
M Yuen HK Light,幼圓體,MYuenHK-Light,https://www.fonts.com/font/monotype-hk/m-yuen-hk/light,http://www.monotype.com.hk/image/Font_HK_Samples/MYuenHK-Light_Sample.png
M Yuen HK Medium,中圓體,MYuenHK-Medium,https://www.fonts.com/font/monotype-hk/m-yuen-hk/medium,http://www.monotype.com.hk/image/Font_HK_Samples/MYuenHK-Medium_Sample.png
M Yuen HK SemiBold,圓黑,MYuenHK-SemiBold,https://www.fonts.com/font/monotype-hk/m-yuen-hk/semibold,http://www.monotype.com.hk/image/Font_HK_Samples/MYuenHK-SemiBold_Sample.png
M Yuen HK Xbold,粗圓體,MYuenHK-Xbold,https://www.fonts.com/font/monotype-hk/m-yuen-hk/xbold,http://www.monotype.com.hk/image/Font_HK_Samples/MYuenHK-Xbold_Sample.png
M Yuen HKS Light,简幼圆,MYuenHKS-Light,https://www.fonts.com/font/monotype-hk/m-yuen-hks/light,http://www.monotype.com.hk/image/Font_HKS_Samples/MYuenHKS-Light_Sample.png
M Yuen HKS SemiBold,简圆黑,MYuenHKS-SemiBold,https://www.fonts.com/font/monotype-hk/m-yuen-hks/semibold,http://www.monotype.com.hk/image/Font_HKS_Samples/MYuenHKS-SemiBold_Sample.png
M Yuen HKS Xbold,简粗圆,MYuenHKS-Xbold,https://www.fonts.com/font/monotype-hk/m-yuen-hks/xbold,http://www.monotype.com.hk/image/Font_HKS_Samples/MYuenHKS-Xbold_Sample.png
M Yuen PRC Light,简幼圆,MYuenPRC-Light,https://www.fonts.com/font/monotype-hk/m-yuen-prc/light,http://www.monotype.com.hk/image/Font_PRC_Samples/MYuenPRC-Light_Sample.png
M Yuen PRC SemiBold,简圆黑,MYuenPRC-SemiBold,https://www.fonts.com/font/monotype-hk/m-yuen-prc/semibold,http://www.monotype.com.hk/image/Font_PRC_Samples/MYuenPRC-SemiBold_Sample.png
M Yuen PRC Xbold,简粗圆,MYuenPRC-Xbold,https://www.fonts.com/font/monotype-hk/m-yuen-prc/xbold,http://www.monotype.com.hk/image/Font_PRC_Samples/MYuenPRC-Xbold_Sample.png
M Yuen PRCT Light,幼圓體,MYuenPRCT-Light,,http://www.monotype.com.hk/image/Font_PRCT_Samples/MYuenPRCT-Light_Sample.png
M Yuen PRCT Medium,中圓體,MYuenPRCT-Medium,,http://www.monotype.com.hk/image/Font_PRCT_Samples/MYuenPRCT-Medium_Sample.png
M Yuen PRCT SemiBold,圓黑,MYuenPRCT-SemiBold,,http://www.monotype.com.hk/image/Font_PRCT_Samples/MYuenPRCT-SemiBold_Sample.png
M Yuen PRCT Xbold,粗圓體,MYuenPRCT-Xbold,,http://www.monotype.com.hk/image/Font_PRCT_Samples/MYuenPRCT-Xbold_Sample.png
M Yuppy HK Medium,優皮體,MYuppyHK-Medium,https://www.fonts.com/font/monotype-hk/m-yuppy-hk/medium,http://www.monotype.com.hk/image/Font_HK_Samples/MYuppyHK-Medium_Sample.png
M Yuppy HKS Medium,简优皮体,MYuppyHKS-Medium,https://www.fonts.com/font/monotype-hk/m-yuppy-hks/medium,http://www.monotype.com.hk/image/Font_HKS_Samples/MYuppyHKS-Medium_Sample.png
M Yuppy PRC Medium,简优皮体,MYuppyPRC-Medium,https://www.fonts.com/font/monotype-hk/m-yuppy-prc/medium,http://www.monotype.com.hk/image/Font_PRC_Samples/MYuppyPRC-Medium_Sample.png
M Yuppy PRCT Medium,優皮體,MYuppyPRCT-Medium,,http://www.monotype.com.hk/image/Font_PRCT_Samples/MYuppyPRCT-Medium_Sample.png
M Zhi Hei HK UltraBold,超幟黑,MZhiHeiHK-UltraBold,https://www.fonts.com/font/monotype-hk/m-zhi-hei-hk/ultrabold,http://www.monotype.com.hk/image/Font_HK_Samples/MZhiHeiHK-UltraBold_Sample.png
M Zhi Hei HKS UltraBold,简超帜黑,MZhiHeiHKS-UltraBold,https://www.fonts.com/font/monotype-hk/m-zhi-hei-hks/ultrabold,http://www.monotype.com.hk/image/Font_HKS_Samples/MZhiHeiHKS-UltraBold_Sample.png
M Zhi Hei PRC UltraBold,简超帜黑,MZhiHeiPRC-UltraBold,https://www.fonts.com/font/monotype-hk/m-zhi-hei-prc/ultrabold,http://www.monotype.com.hk/image/Font_PRC_Samples/MZhiHeiPRC-UltraBold_Sample.png
M Zhi Hei PRCT UltraBold,超幟黑,MZhiHeiPRCT-UltraBold,,http://www.monotype.com.hk/image/Font_PRCT_Samples/MZhiHeiPRCT-UltraBold_Sample.png
M Zhi Ngai HK UltraBold,超幟藝,MZhiNgaiHK-UltraBold,https://www.fonts.com/font/monotype-hk/m-zhi-ngai-hk/ultrabold,http://www.monotype.com.hk/image/Font_HK_Samples/MZhiNgaiHK-UltraBold_Sample.png
M Zhi Ngai HKS UltraBold,简超帜艺,MZhiNgaiHKS-UltraBold,https://www.fonts.com/font/monotype-hk/m-zhi-ngai-hks/ultrabold,http://www.monotype.com.hk/image/Font_HKS_Samples/MZhiNgaiHKS-UltraBold_Sample.png
M Zhi Ngai PRC UltraBold,简超帜艺,MZhiNgaiPRC-UltraBold,https://www.fonts.com/font/monotype-hk/m-zhi-ngai-prc/ultrabold,http://www.monotype.com.hk/image/Font_PRC_Samples/MZhiNgaiPRC-UltraBold_Sample.png
M Zhi Ngai PRCT UltraBold,超幟藝,MZhiNgaiPRCT-UltraBold,,http://www.monotype.com.hk/image/Font_PRCT_Samples/MZhiNgaiPRCT-UltraBold_Sample.png
